DS,Dial,Entity,FIFA,FIPS,GAUL,IOC,ISO3166-1-Alpha-2,ISO3166-1-Alpha-3,ISO3166-1-numeric,ITU,MARC,WMO,currency_alphabetic_code,currency_minor_unit,currency_name,currency_numeric_code,currency_short_name_en,is_independent,short_name_en,short_name_fr
BD,880,Bangladesh,BAN,BG,23,BAN,BD,BGD,050,BGD,bg,BW,BDT,2,Taka,050,BANGLADESH,Yes,BANGLADESH,BANGLADESH
B,32,Belgium,BEL,BE,27,BEL,BE,BEL,056,BEL,be,BX,EUR,2,Euro,978,BELGIUM,Yes,BELGIUM,BELGIQUE
BF,226,Burkina Faso,BFA,UV,42,BUR,BF,BFA,854,BFA,uv,HV,XOF,0,CFA Franc BCEAO,952,BURKINA FASO,Yes,BURKINA FASO,BURKINA FASO
BG,359,Bulgaria,BUL,BU,41,BUL,BG,BGR,100,BUL,bu,BU,BGN,2,Bulgarian Lev,975,BULGARIA,Yes,BULGARIA,BULGARIE
BIH,387,Bosnia and Herzegovina,BIH,BK,34,BIH,BA,BIH,070,BIH,bn,BG,BAM,2,Convertible Mark,977,BOSNIA AND HERZEGOVINA,Yes,BOSNIA AND HERZEGOVINA,BOSNIE-HERZÉGOVINE
BDS,1-246,Barbados,BRB,BB,24,BAR,BB,BRB,052,BRB,bb,BR,BBD,2,Barbados Dollar,052,BARBADOS,Yes,BARBADOS,BARBADE
F,681,Wallis and Futuna Islands,WLF,WF,266,WAF,WF,WLF,876,WAL,wf,FW,XPF,0,CFP Franc,953,WALLIS AND FUTUNA,Territory of FR,WALLIS AND FUTUNA,WALLIS ET FUTUNA
 ,590,Saint Barthélemy, ,TB,, ,BL,BLM,652, ,sc, ,EUR,2,Euro,978,SAINT BARTHÉLEMY,Part of FR,SAINT BARTHÉLEMY,SAINT-BARTHÉLEMY
 ,1-441,Bermuda,BER,BD,30,BER,BM,BMU,060,BER,bm,BE,BMD,2,Bermudian Dollar,060,BERMUDA,Territory of GB,BERMUDA,BERMUDES
BRU,673,Brunei Darussalam,BRU,BX,40,BRU,BN,BRN,096,BRU,bx,BD,BND,2,Brunei Dollar,096,BRUNEI DARUSSALAM,Yes,BRUNEI DARUSSALAM,BRUNEI DARUSSALAM
BOL,591,Bolivia,BOL,BL,33,BOL,BO,BOL,068,BOL,bo,BO,BOV,2,Mvdol,984,"BOLIVIA, PLURINATIONAL STATE OF",Yes,"BOLIVIA, PLURINATIONAL STATE OF","BOLIVIE, l'ÉTAT PLURINATIONAL DE"
BRN,973,Bahrain,BHR,BA,21,BRN,BH,BHR,048,BHR,ba,BN,BHD,3,Bahraini Dinar,048,BAHRAIN,Yes,BAHRAIN,BAHREÏN
RU,257,Burundi,BDI,BY,43,BDI,BI,BDI,108,BDI,bd,BI,BIF,0,Burundi Franc,108,BURUNDI,Yes,BURUNDI,BURUNDI
DY,229,Benin,BEN,BN,29,BEN,BJ,BEN,204,BEN,dm,BJ,XOF,0,CFA Franc BCEAO,952,BENIN,Yes,BENIN,BÉNIN
 ,975,Bhutan,BHU,BT,31,BHU,BT,BTN,064,BTN,bt, ,INR,2,Indian Rupee,356,BHUTAN,Yes,BHUTAN,BHOUTAN
JA,1-876,Jamaica,JAM,JM,123,JAM,JM,JAM,388,JMC,jm,JM,JMD,2,Jamaican Dollar,388,JAMAICA,Yes,JAMAICA,JAMAÏQUE
 ,47,Bouvet Island,,BV,36, ,BV,BVT,074, ,bv,BV,NOK,2,Norwegian Krone,578,BOUVET ISLAND,Territory of NO,BOUVET ISLAND,"BOUVET, ÎLE"
BW,267,Botswana,BOT,BC,35,BOT,BW,BWA,072,BOT,bs,BC,BWP,2,Pula,072,BOTSWANA,Yes,BOTSWANA,BOTSWANA
WS,685,Samoa,SAM,WS,212,SAM,WS,WSM,882,SMO,ws,ZM,WST,2,Tala,882,SAMOA,Yes,SAMOA,SAMOA
NA,599,"Bonaire, Sint Eustatiusand Saba",ANT,NL,176,AHO,BQ,BES,535,ATN,ca,NU,USD,2,US Dollar,840,"BONAIRE, SINT EUSTATIUS AND SABA",Part of NL,"BONAIRE, SINT EUSTATIUS AND SABA","BONAIRE, SAINT-EUSTACHE ET SABA"
BR,55,Brazil,BRA,BR,37,BRA,BR,BRA,076,B,bl,BZ,BRL,2,Brazilian Real,986,BRAZIL,Yes,BRAZIL,BRÉSIL
BS,1-242,Bahamas,BAH,BF,20,BAH,BS,BHS,044,BAH,bf,BA,BSD,2,Bahamian Dollar,044,BAHAMAS,Yes,BAHAMAS,BAHAMAS
GBJ,44,Jersey,GBJ,JE,128, ,JE,JEY,832, ,uik, ,GBP,2,Pound Sterling,826,JERSEY,Crown dependency of GB,JERSEY,JERSEY
BY,375,Belarus,BLR,BO,26,BLR,BY,BLR,112,BLR,bw,BY,BYR,0,Belarussian Ruble,974,BELARUS,Yes,BELARUS,BÉLARUS
BZ,501,Belize,BLZ,BH,28,BIZ,BZ,BLZ,084,BLZ,bh,BH,BZD,2,Belize Dollar,084,BELIZE,Yes,BELIZE,BELIZE
RUS,7,Russian Federation,RUS,RS,204,RUS,RU,RUS,643,RUS,ru,RS,RUB,2,Russian Ruble,643,RUSSIAN FEDERATION,Yes,RUSSIAN FEDERATION,"RUSSIE, FÉDÉRATION DE"
RWA,250,Rwanda,RWA,RW,205,RWA,RW,RWA,646,RRW,rw,RW,RWF,0,Rwanda Franc,646,RWANDA,Yes,RWANDA,RWANDA
SCG,381,Serbia,SRB,RIKV,2648,SRB,RS,SRB,688,SRB,rb,YG,RSD,2,Serbian Dinar,941,SERBIA ,Yes,SERBIA,SERBIE
 ,670,Timor-Leste,TLS,TT,242,TLS,TL,TLS,626,TLS,em,TM,USD,2,US Dollar,840,TIMOR-LESTE,Yes,TIMOR-LESTE,TIMOR-LESTE
F,262,Reunion,REU,RE,206,REU,RE,REU,638,REU,re,RE,EUR,2,Euro,978,RÉUNION,Part of FR,RÉUNION,RÉUNION
PA,507,Panama,PAN,PM,191,PAN,PA,PAN,591,PNR,pn,PM,USD,2,US Dollar,840,PANAMA,Yes,PANAMA,PANAMA
LB,231,Liberia,LBR,LI,144,LBR,LR,LBR,430,LBR,lb,LI,LRD,2,Liberian Dollar,430,LIBERIA,Yes,LIBERIA,LIBÉRIA
RO,40,Romania,ROU,RO,203,ROU,RO,ROU,642,ROU,rm,RO,RON,2,New Romanian Leu,946,ROMANIA,Yes,ROMANIA,ROUMANIE
NZ,690,Tokelau,TKL,TL,244, ,TK,TKL,772,TKL,tl,TK,NZD,2,New Zealand Dollar,554,TOKELAU,Territory of NZ,TOKELAU,TOKELAU
 ,245,Guinea-Bissau,GNB,PU,105,GBS,GW,GNB,624,GNB,pg,GW,XOF,0,CFA Franc BCEAO,952,GUINEA-BISSAU,Yes,GUINEA-BISSAU,GUINÉE-BISSAU
USA,1-671,Guam,GUM,GQ,101,GUM,GU,GUM,316,GUM,gu,GM,USD,2,US Dollar,840,GUAM,Territory of US,GUAM,GUAM
GCA,502,Guatemala,GUA,GT,103,GUA,GT,GTM,320,GTM,gt,GU,GTQ,2,Quetzal,320,GUATEMALA,Yes,GUATEMALA,GUATEMALA
 ,500,South Georgia and SouthSandwich Islands,,SX,228, ,GS,SGS,239, ,xs, ,,,No universal currency,,SOUTH GEORGIA AND THE SOUTH SANDWICH ISLANDS,Territory of GB,SOUTH GEORGIA AND THE SOUTH SANDWICH ISLANDS,GÉORGIE DU SUD-ET-LES ÎLES SANDWICH DU SUD
GR,30,Greece,GRE,GR,97,GRE,GR,GRC,300,GRC,gr,GR,EUR,2,Euro,978,GREECE,Yes,GREECE,GRÈCE
 ,240,Equatorial Guinea,EQG,EK,76,GEQ,GQ,GNQ,226,GNE,eg,GQ,XAF,0,CFA Franc BEAC,950,EQUATORIAL GUINEA,Yes,EQUATORIAL GUINEA,GUINÉE ÉQUATORIALE
F,590,Guadeloupe,GLP,GP,100,GUD,GP,GLP,312,GDL,gp,MF,EUR,2,Euro,978,GUADELOUPE,Part of FR,GUADELOUPE,GUADELOUPE
J,81,Japan,JPN,JA,126,JPN,JP,JPN,392,J,ja,JP,JPY,0,Yen,392,JAPAN,Yes,JAPAN,JAPON
GUY,592,Guyana,GUY,GY,107,GUY,GY,GUY,328,GUY,gy,GY,GYD,2,Guyana Dollar,328,GUYANA,Yes,GUYANA,GUYANA
GBG,44,Guernsey,GBG,GK,104, ,GG,GGY,831, ,uik, ,GBP,2,Pound Sterling,826,GUERNSEY,Crown dependency of GB,GUERNSEY,GUERNESEY
F,594,French Guiana,GUF,FG,86,FGU,GF,GUF,254,GUF,fg,FG,EUR,2,Euro,978,FRENCH GUIANA,Part of FR,FRENCH GUIANA,GUYANE FRANÇAISE
GE,995,Georgia,GEO,GG,92,GEO,GE,GEO,268,GEO,gs,GG,GEL,2,Lari,981,GEORGIA,Yes,GEORGIA,GÉORGIE
WG,1-473,Grenada,GRN,GJ,99,GRN,GD,GRD,308,GRD,gd,GD,XCD,2,East Caribbean Dollar,951,GRENADA,Yes,GRENADA,GRENADE
GB,44,United Kingdom,1,UK,256,GBR,GB,GBR,826,G,xxk,UK,GBP,2,Pound Sterling,826,UNITED KINGDOM,Yes,UNITED KINGDOM,ROYAUME-UNI
G,241,Gabon,GAB,GB,89,GAB,GA,GAB,266,GAB,go,GO,XAF,0,CFA Franc BEAC,950,GABON,Yes,GABON,GABON
PK,92,Pakistan,PAK,PK,188,PAK,PK,PAK,586,PAK,pk,PK,PKR,2,Pakistan Rupee,586,PAKISTAN,Yes,PAKISTAN,PAKISTAN
RG,224,Guinea,GUI,GV,106,GUI,GN,GIN,324,GUI,gv,GN,GNF,0,Guinea Franc,324,GUINEA,Yes,GUINEA,GUINÉE
WAG,220,Gambia,GAM,GA,90,GAM,GM,GMB,270,GMB,gm,GB,GMD,2,Dalasi,270,GAMBIA,Yes,GAMBIA,GAMBIE
DK,299,Greenland,GRL,GL,98,GRL,GL,GRL,304,GRL,gl,GL,DKK,2,Danish Krone,208,GREENLAND,Part of DK,GREENLAND,GROENLAND
GBZ,350,Gibraltar,GBZ,GI,95,GIB,GI,GIB,292,GIB,gi,GI,GIP,2,Gibraltar Pound,292,GIBRALTAR,Territory of GB,GIBRALTAR,GIBRALTAR
GH,233,Ghana,GHA,GH,94,GHA,GH,GHA,288,GHA,gh,GH,GHS,2,Ghana Cedi,936,GHANA,Yes,GHANA,GHANA
 ,968,Oman,OMA,MU,187,OMA,OM,OMN,512,OMA,mk,OM,OMR,3,Rial Omani,512,OMAN,Yes,OMAN,OMAN
HKJ,962,Jordan,JOR,JO,130,JOR,JO,JOR,400,JOR,jo,JD,JOD,3,Jordanian Dinar,400,JORDAN,Yes,JORDAN,JORDANIE
HR,385,Croatia,CRO,HR,62,CRO,HR,HRV,191,HRV,ci,RH,HRK,2,Croatian Kuna,191,CROATIA,Yes,CROATIA,CROATIE
RH,509,Haiti,HAI,HA,108,HAI,HT,HTI,332,HTI,ht,HA,USD,2,US Dollar,840,HAITI,Yes,HAITI,HAÏTI
 ,1-869,Saint Kitts and Nevis,SKN,SC,208,SKN,KN,KNA,659,KNA,xd,AT,XCD,2,East Caribbean Dollar,951,SAINT KITTS AND NEVIS,Yes,SAINT KITTS AND NEVIS,SAINT-KITTS-ET-NEVIS
HK,852,Hong Kong,HKG,HK,33364,HKG,HK,HKG,344,HKG, ,HK,HKD,2,Hong Kong Dollar,344,HONG KONG,Part of CN,HONG KONG,HONG KONG
 ,504,Honduras,HON,HO,111,HON,HN,HND,340,HND,ho,HO,HNL,2,Lempira,340,HONDURAS,Yes,HONDURAS,HONDURAS
AUS,672,Heard and McDonald Islands,,HM,109, ,HM,HMD,334, ,hm, ,AUD,2,Australian Dollar,036,HEARD ISLAND AND McDONALD ISLANDS,Territory of AU,HEARD ISLAND AND MCDONALD ISLANDS,"HEARD-ET-ÎLES MACDONALD, ÎLE"
YV,58,Venezuela,VEN,VE,263,VEN,VE,VEN,862,VEN,ve,VN,VEF,2,Bolivar ,937,"VENEZUELA, BOLIVARIAN REPUBLIC OF",Yes,"VENEZUELA, BOLIVARIAN REPUBLIC OF","VENEZUELA, RÉPUBLIQUE BOLIVARIENNE DU"
USA,1,Puerto Rico,PUR,RQ,200,PUR,PR,PRI,630,PTR,pr,PU,USD,2,US Dollar,840,PUERTO RICO,Commonwealth of US,PUERTO RICO,PORTO RICO
 ,970,Palestine,PLE,GZWE,91267,PLE,PS,PSE,275, ,gzwj, ,,,No universal currency,,"PALESTINE, STATE OF",In contention,"PALESTINE, STATE OF","PALESTINE, ÉTAT DE"
 ,680,Palau,PLW,PS,189,PLW,PW,PLW,585,PLW,pw, ,USD,2,US Dollar,840,PALAU,Yes,PALAU,PALAOS
P,351,Portugal,POR,PO,199,POR,PT,PRT,620,POR,po,PO,EUR,2,Euro,978,PORTUGAL,Yes,PORTUGAL,PORTUGAL
 ,47,Svalbard and Jan MayenIslands,,SVJN,234, ,SJ,SJM,744,NOR, ,SZ,NOK,2,Norwegian Krone,578,SVALBARD AND JAN MAYEN,Territory of NO,SVALBARD AND JAN MAYEN,SVALBARD ET ÎLE JAN MAYEN
PY,595,Paraguay,PAR,PA,194,PAR,PY,PRY,600,PRG,py,PY,PYG,0,Guarani,600,PARAGUAY,Yes,PARAGUAY,PARAGUAY
IRQ,964,Iraq,IRQ,IZ,118,IRQ,IQ,IRQ,368,IRQ,iq,IQ,IQD,3,Iraqi Dinar,368,IRAQ,Yes,IRAQ,IRAQ
LV,371,Latvia,LVA,LG,140,LAT,LV,LVA,428,LVA,lv,LV,LVL,2,Latvian Lats,428,LATVIA,Yes,LATVIA,LETTONIE
F,689,French Polynesia,TAH2,FP,87,FPO,PF,PYF,258,OCE,fp,PF,XPF,0,CFP Franc,953,FRENCH POLYNESIA,Territory of FR,FRENCH POLYNESIA,POLYNÉSIE FRANÇAISE
PNG,675,Papua New Guinea,PNG,PP,192,PNG,PG,PNG,598,PNG,pp,NG,PGK,2,Kina,598,PAPUA NEW GUINEA,Yes,PAPUA NEW GUINEA,PAPOUASIE-NOUVELLE-GUINÉE
PE,51,Peru,PER,PE,195,PER,PE,PER,604,PRU,pe,PR,PEN,2,Nuevo Sol,604,PERU,Yes,PERU,PÉROU
KWT,965,Kuwait,KUW,KU,137,KUW,KW,KWT,414,KWT,ku,KW,KWD,3,Kuwaiti Dinar,414,KUWAIT,Yes,KUWAIT,KOWEÏT
RP,63,Philippines,PHI,RP,196,PHI,PH,PHL,608,PHL,ph,PH,PHP,2,Philippine Peso,608,PHILIPPINES,Yes,PHILIPPINES,PHILIPPINES
 ,870,Pitcairn,PCN,PC,197, ,PN,PCN,612,PTC,pc,PT,NZD,2,New Zealand Dollar,554,PITCAIRN,Territory of GB,PITCAIRN,PITCAIRN
PL,48,Poland,POL,PL,198,POL,PL,POL,616,POL,pl,PL,PLN,2,Zloty,985,POLAND,Yes,POLAND,POLOGNE
F,508,Saint Pierre and Miquelon,SPM,SB,210,SPM,PM,SPM,666,SPM,xl,FP,EUR,2,Euro,978,SAINT PIERRE AND MIQUELON,Part of FR,SAINT PIERRE AND MIQUELON,SAINT-PIERRE-ET-MIQUELON
Z,260,Zambia,ZAM,ZA,270,ZAM,ZM,ZMB,894,ZMB,za,ZB,ZMW,2,Zambian Kwacha,967,ZAMBIA,Yes,ZAMBIA,ZAMBIE
 ,212,Western Sahara,SAH,WI,268, ,EH,ESH,732,AOE,ss, ,MAD,2,Moroccan Dirham,504,WESTERN SAHARA,In contention,WESTERN SAHARA,SAHARA OCCIDENTAL
EST,372,Estonia,EST,EN,78,EST,EE,EST,233,EST,er,EO,EUR,2,Euro,978,ESTONIA,Yes,ESTONIA,ESTONIE
ET,20,Egypt,EGY,EG,40765,EGY,EG,EGY,818,EGY,ua,EG,EGP,2,Egyptian Pound,818,EGYPT,Yes,EGYPT,ÉGYPTE
ZA,27,South Africa,RSA,SF,227,RSA,ZA,ZAF,710,AFS,sa,ZA,ZAR,2,Rand,710,SOUTH AFRICA,Yes,SOUTH AFRICA,AFRIQUE DU SUD
EC,593,Ecuador,ECU,EC,73,ECU,EC,ECU,218,EQA,ec,EQ,USD,2,US Dollar,840,ECUADOR,Yes,ECUADOR,ÉQUATEUR
I,39,Italy,ITA,IT,122,ITA,IT,ITA,380,I,it,IY,EUR,2,Euro,978,ITALY,Yes,ITALY,ITALIE
VN,84,Vietnam,VIE,VM,264,VIE,VN,VNM,704,VTN,vm,VS,VND,0,Dong,704,VIET NAM,Yes,VIET NAM,VIET NAM
 ,677,Solomon Islands,SOL,BP,225,SOL,SB,SLB,090,SLM,bp,SO,SBD,2,Solomon Islands Dollar,090,SOLOMON ISLANDS,Yes,SOLOMON ISLANDS,"SALOMON, ÎLES"
ETH,251,Ethiopia,ETH,ET,79,ETH,ET,ETH,231,ETH,et,ET,ETB,2,Ethiopian Birr,230,ETHIOPIA,Yes,ETHIOPIA,ÉTHIOPIE
ZW,263,Zimbabwe,ZIM,ZI,271,ZIM,ZW,ZWE,716,ZWE,rh,ZW,ZWL,2,Zimbabwe Dollar,932,ZIMBABWE,Yes,ZIMBABWE,ZIMBABWE
SA,966,Saudi Arabia,KSA,SA,215,KSA,SA,SAU,682,ARS,su,SD,SAR,2,Saudi Riyal,682,SAUDI ARABIA,Yes,SAUDI ARABIA,ARABIE SAOUDITE
E,34,Spain,ESP,SP,229,ESP,ES,ESP,724,E,sp,SP,EUR,2,Euro,978,SPAIN,Yes,SPAIN,ESPAGNE
 ,291,Eritrea,ERI,ER,77,ERI,ER,ERI,232,ERI,ea, ,ERN,2,Nakfa,232,ERITREA,Yes,ERITREA,ÉRYTHRÉE
(See Serbia),Yes,Montenegro,MNE,MJ,mo,MGO,ME,MNE,499,MNE,382,2647,EUR,2,Euro,978,MONTENEGRO,,MONTENEGRO,MONTÉNÉGRO
MD,373,Moldova,MDA,MD,165,MDA,MD,MDA,498,MDA,mv,RM,MDL,2,Moldovan Leu,498,"MOLDOVA, REPUBLIC OF",Yes,"MOLDOVA, REPUBLIC OF","MOLDOVA, RÉPUBLIQUE DE"
RM,261,Madagascar,MAD,MA,150,MAD,MG,MDG,450,MDG,mg,MG,MGA,2,Malagasy Ariary,969,MADAGASCAR,Yes,MADAGASCAR,MADAGASCAR
 ,590,Saint Martin (French part), ,RN,, ,MF,MAF,663, ,st, ,EUR,2,Euro,978,SAINT MARTIN (FRENCH PART),Part of FR,SAINT MARTIN (FRENCH PART),SAINT-MARTIN(PARTIE FRANÇAISE)
MA,212,Morocco,MAR,MO,169,MAR,MA,MAR,504,MRC,mr,MC,MAD,2,Moroccan Dirham,504,MOROCCO,Yes,MOROCCO,MAROC
MC,377,Monaco,MON,MN,166,MON,MC,MCO,492,MCO,mc, ,EUR,2,Euro,978,MONACO,Yes,MONACO,MONACO
UZ,998,Uzbekistan,UZB,UZ,261,UZB,UZ,UZB,860,UZB,uz,UZ,UZS,2,Uzbekistan Sum,860,UZBEKISTAN,Yes,UZBEKISTAN,OUZBÉKISTAN
BUR,95,Myanmar,MYA,BM,171,MYA,MM,MMR,104,MYA,br,BM,MMK,2,Kyat,104,MYANMAR,Yes,MYANMAR,MYANMAR
RMM,223,Mali,MLI,ML,155,MLI,ML,MLI,466,MLI,ml,MI,XOF,0,CFA Franc BCEAO,952,MALI,Yes,MALI,MALI
 ,853,Macau,MAC,MC,149,MAC,MO,MAC,446,MAC, ,MU,MOP,2,Pataca,446,MACAO,Part of CN,MACAO,MACAO
MGL,976,Mongolia,MNG,MG,167,MGL,MN,MNG,496,MNG,mp,MO,MNT,2,Tugrik,496,MONGOLIA,Yes,MONGOLIA,MONGOLIE
 ,692,Marshall Islands,MHL,RM,157,MSH,MH,MHL,584,MHL,xe,MH,USD,2,US Dollar,840,MARSHALL ISLANDS,Yes,MARSHALL ISLANDS,"MARSHALL, ÎLES"
USA,1,United States of America,USA,US,259,USA,US,USA,840,USA,xxu,US,USS,2,US Dollar (Same day),998,UNITED STATES,Yes,UNITED STATES,ÉTATS-UNIS
MS,230,Mauritius,MRI,MP,160,MRI,MU,MUS,480,MAU,mf,MA,MUR,2,Mauritius Rupee,480,MAURITIUS,Yes,MAURITIUS,MAURICE
M,356,Malta,MLT,MT,156,MLT,MT,MLT,470,MLT,mm,ML,EUR,2,Euro,978,MALTA,Yes,MALTA,MALTE
MW,265,Malawi,MWI,MI,152,MAW,MW,MWI,454,MWI,mw,MW,MWK,2,Kwacha,454,MALAWI,Yes,MALAWI,MALAWI
 ,960,Maldives,MDV,MV,154,MDV,MV,MDV,462,MLD,xc,MV,MVR,2,Rufiyaa,462,MALDIVES,Yes,MALDIVES,MALDIVES
F,596,Martinique,MTQ,MB,158,MRT,MQ,MTQ,474,MRT,mq,MR,EUR,2,Euro,978,MARTINIQUE,Part of FR,MARTINIQUE,MARTINIQUE
USA,1-670,Northern Mariana Islands,NMI,CQ,185,NMA,MP,MNP,580,MRA,nw,MY,USD,2,US Dollar,840,NORTHERN MARIANA ISLANDS,Commonwealth of US,NORTHERN MARIANA ISLANDS,"MARIANNES DU NORD, ÎLES"
 ,1-664,Montserrat,MSR,MH,168,MNT,MS,MSR,500,MSR,mj, ,XCD,2,East Caribbean Dollar,951,MONTSERRAT,Territory of GB,MONTSERRAT,MONTSERRAT
RIM,222,Mauritania,MTN,MR,159,MTN,MR,MRT,478,MTN,mu,MT,MRO,2,Ouguiya,478,MAURITANIA,Yes,MAURITANIA,MAURITANIE
GBM,44,Isle of Man,GBM,IM,120, ,IM,IMN,833, ,uik, ,GBP,2,Pound Sterling,826,ISLE OF MAN,Crown dependency of GB,ISLE OF MAN,ÎLE DE MAN
EAU,256,Uganda,UGA,UG,253,UGA,UG,UGA,800,UGA,ug,UG,UGX,0,Uganda Shilling,800,UGANDA,Yes,UGANDA,OUGANDA
EAT,255,Tanzania,TAN,TZ,257,TAN,TZ,TZA,834,TZA,tz,TN,TZS,2,Tanzanian Shilling,834,"TANZANIA, UNITED REPUBLIC OF",Yes,"TANZANIA, UNITED REPUBLIC OF","TANZANIE, RÉPUBLIQUE-UNIE DE"
UA,380,Ukraine,UKR,UP,254,UKR,UA,UKR,804,UKR,un,UR,UAH,2,Hryvnia,980,UKRAINE,Yes,UKRAINE,UKRAINE
MEX,52,Mexico,MEX,MX,162,MEX,MX,MEX,484,MEX,mx,MX,MXV,2,Mexican Unidad de Inversion (UDI),979,MEXICO,Yes,MEXICO,MEXIQUE
A,43,Austria,AUT,AU,18,AUT,AT,AUT,040,AUT,au,OS,EUR,2,Euro,978,AUSTRIA,Yes,AUSTRIA,AUTRICHE
F,33,France,FRA,FR,85,FRA,FR,FRA,250,F,fr,FR,EUR,2,Euro,978,FRANCE,Yes,FRANCE,FRANCE
 ,297,Aruba,ARU,AA,14,ARU,AW,ABW,533,ABW,aw,NU,AWG,2,Aruban Florin,533,ARUBA,Part of NL,ARUBA,ARUBA
 ,290,Saint Helena,SHN,SH,207,HEL,SH,SHN,654,SHN,xj,HE,SHP,2,Saint Helena Pound,654,"SAINT HELENA, ASCENSION AND TRISTAN DA CUNHA",Territory of GB,"SAINT HELENA, ASCENSION AND TRISTAN DA CUNHA","SAINTE-HÉLÈNE, ASCENSION ET TRISTAN DA CUNHA"
L,352,Luxembourg,LUX,LU,148,LUX,LU,LUX,442,LUX,lu,BX,EUR,2,Euro,978,LUXEMBOURG,Yes,LUXEMBOURG,LUXEMBOURG
WD,1-767,Dominica,DMA,DO,71,DMA,DM,DMA,212,DMA,dq,DO,XCD,2,East Caribbean Dollar,951,DOMINICA,Yes,DOMINICA,DOMINIQUE
FIN,358,Finland,FIN,FI,84,FIN,FI,FIN,246,FIN,fi,FI,EUR,2,Euro,978,FINLAND,Yes,FINLAND,FINLANDE
FJI,679,Fiji,FIJ,FJ,83,FIJ,FJ,FJI,242,FJI,fj,FJ,FJD,2,Fiji Dollar,242,FIJI,Yes,FIJI,FIDJI
 ,500,Falkland Islands,FLK,FK,81,FLK,FK,FLK,238,FLK,fk,FK,FKP,2,Falkland Islands Pound,238,FALKLAND ISLANDS (MALVINAS),Territory of GB,FALKLAND ISLANDS (MALVINAS),"FALKLAND, ÎLES (MALVINAS)"
 ,691,Micronesia,FSM,FM,163,FSM,FM,FSM,583,FSM,fm, ,USD,2,US Dollar,840,"MICRONESIA, FEDERATED STATES OF",Yes,"MICRONESIA, FEDERATED STATES OF","MICRONÉSIE, ÉTATS FÉDÉRÉS DE"
FO,298,Faroe Islands,FRO,FO,82,FAR,FO,FRO,234,FRO,fa,FA,DKK,2,Danish Krone,208,FAROE ISLANDS,Part of DK,FAROE ISLANDS,"FÉROÉ, ÎLES"
NIC,505,Nicaragua,NCA,NU,180,NCA,NI,NIC,558,NCG,nq,NK,NIO,2,Cordoba Oro,558,NICARAGUA,Yes,NICARAGUA,NICARAGUA
NL,31,Netherlands,NED,NL,177,NED,NL,NLD,528,HOL,ne,NL,EUR,2,Euro,978,NETHERLANDS,Yes,NETHERLANDS,PAYS-BAS
N,47,Norway,NOR,NO,186,NOR,NO,NOR,578,NOR,no,NO,NOK,2,Norwegian Krone,578,NORWAY,Yes,NORWAY,NORVÈGE
NAM,264,Namibia,NAM,WA,172,NAM,NA,NAM,516,NMB,sx,NM,ZAR,2,Rand,710,NAMIBIA,Yes,NAMIBIA,NAMIBIE
 ,678,Vanuatu,VAN,NH,262,VAN,VU,VUT,548,VUT,nn,NV,VUV,0,Vatu,548,VANUATU,Yes,VANUATU,VANUATU
F,687,New Caledonia,NCL,NC,178,NCD,NC,NCL,540,NCL,nl,NC,XPF,0,CFP Franc,953,NEW CALEDONIA,Territory of FR,NEW CALEDONIA,NOUVELLE-CALÉDONIE
RN,227,Niger,NIG,NG,181,NIG,NE,NER,562,NGR,ng,NR,XOF,0,CFA Franc BCEAO,952,NIGER,Yes,NIGER,NIGER
AUS,672,Norfolk Island,NFK,NF,184,NFI,NF,NFK,574,NFK,nx,NF,AUD,2,Australian Dollar,036,NORFOLK ISLAND,Territory of AU,NORFOLK ISLAND,"NORFOLK, ÎLE"
NGR,234,Nigeria,NGA,NI,182,NGR,NG,NGA,566,NIG,nr,NI,NGN,2,Naira,566,NIGERIA,Yes,NIGERIA,NIGÉRIA
NZ,64,New Zealand,NZL,NZ,179,NZL,NZ,NZL,554,NZL,nz,NZ,NZD,2,New Zealand Dollar,554,NEW ZEALAND,Yes,NEW ZEALAND,NOUVELLE-ZÉLANDE
NEP,977,Nepal,NEP,NP,175,NEP,NP,NPL,524,NPL,np,NP,NPR,2,Nepalese Rupee,524,NEPAL,Yes,NEPAL,NÉPAL
NAU,674,Nauru,NRU,NR,173,NRU,NR,NRU,520,NRU,nu,NW,AUD,2,Australian Dollar,036,NAURU,Yes,NAURU,NAURU
NZ,683,Niue,NIU,NE,183,NIU,NU,NIU,570,NIU,xh, ,NZD,2,New Zealand Dollar,554,NIUE,Associated with NZ,NIUE,NIUÉ
NZ,682,Cook Islands,COK,CW,60,COK,CK,COK,184,CKH,cw,KU,NZD,2,New Zealand Dollar,554,COOK ISLANDS,Associated with NZ,COOK ISLANDS,"COOK, ÎLES"
CI,225,Côte d'Ivoire,CIV,IV,66,CIV,CI,CIV,384,CTI,iv,IV,XOF,0,CFA Franc BCEAO,952,CÔTE D'IVOIRE,Yes,CÔTE D'IVOIRE,CÔTE D'IVOIRE
CH,41,Switzerland,SUI,SZ,237,SUI,CH,CHE,756,SUI,sz,SW,CHW,2,WIR Franc,948,SWITZERLAND,Yes,SWITZERLAND,SUISSE
CO,57,Colombia,COL,CO,57,COL,CO,COL,170,CLM,ck,CO,COU,2,Unidad de Valor Real,970,COLOMBIA,Yes,COLOMBIA,COLOMBIE
 ,86,China,CHN,CH,53,CHN,CN,CHN,156,CHN,cc,CI,CNY,2,Yuan Renminbi,156,CHINA,Yes,CHINA,CHINE
CAM,237,Cameroon,CMR,CM,45,CMR,CM,CMR,120,CME,cm,CM,XAF,0,CFA Franc BEAC,950,CAMEROON,Yes,CAMEROON,CAMEROUN
RCH,56,Chile,CHI,CI,51,CHI,CL,CHL,152,CHL,cl,CH,CLP,0,Chilean Peso,152,CHILE,Yes,CHILE,CHILI
AUS,61,Cocos (Keeling) Islands,CCK,CK,56, ,CC,CCK,166,ICO,xb,KK,AUD,2,Australian Dollar,036,COCOS (KEELING) ISLANDS,Territory of AU,COCOS (KEELING) ISLANDS,"COCOS (KEELING), ÎLES"
CDN,1,Canada,CAN,CA,46,CAN,CA,CAN,124,CAN,xxc,CN,CAD,2,Canadian Dollar,124,CANADA,Yes,CANADA,CANADA
RCB,242,Congo (Brazzaville),CGO,CF,59,CGO,CG,COG,178,COG,cf,CG,XAF,0,CFA Franc BEAC,950,CONGO,Yes,CONGO,CONGO
RCA,236,Central African Republic,CTA,CT,49,CAF,CF,CAF,140,CAF,cx,CE,XAF,0,CFA Franc BEAC,950,CENTRAL AFRICAN REPUBLIC,Yes,CENTRAL AFRICAN REPUBLIC,"CENTRAFRICAINE, RÉPUBLIQUE"
ZRE,243,Congo (Kinshasa),COD,CG,68,COD,CD,COD,180,COD,cg,ZR,CDF,2,Congolese Franc,976,"CONGO, THE DEMOCRATIC REPUBLIC OF",Yes,"CONGO, THE DEMOCRATIC REPUBLIC OF THE","CONGO, LA RÉPUBLIQUE DÉMOCRATIQUE DU"
CZ,420,Czech Republic,CZE,EZ,65,CZE,CZ,CZE,203,CZE,xr,CZ,CZK,2,Czech Koruna,203,CZECH REPUBLIC,Yes,CZECH REPUBLIC,"TCHÈQUE, RÉPUBLIQUE"
CY,357,Cyprus,CYP,CY,64,CYP,CY,CYP,196,CYP,cy,CY,EUR,2,Euro,978,CYPRUS,Yes,CYPRUS,CHYPRE
AUS,61,Christmas Island,CXR,KT,54, ,CX,CXR,162,CHR,xa,KI,AUD,2,Australian Dollar,036,CHRISTMAS ISLAND,Territory of AU,CHRISTMAS ISLAND,"CHRISTMAS, ÎLE"
CR,506,Costa Rica,CRC,CS,61,CRC,CR,CRI,188,CTR,cr,CS,CRC,2,Costa Rican Colon,188,COSTA RICA,Yes,COSTA RICA,COSTA RICA
H,36,Hungary,HUN,HU,113,HUN,HU,HUN,348,HNG,hu,HU,HUF,2,Forint,348,HUNGARY,Yes,HUNGARY,HONGRIE
,,Curaçao,,UC,,,CW,CUW,531,,co,,ANG,2,Netherlands Antillean Guilder,532,CURAÇAO,Part of NL,CURAÇAO,CURAÇAO
 ,238,Cape Verde,CPV,CV,47,CPV,CV,CPV,132,CPV,cv,CV,CVE,2,Cape Verde Escudo,132,CAPE VERDE,Yes,CAPE VERDE,CAP-VERT
C,53,Cuba,CUB,CU,63,CUB,CU,CUB,192,CUB,cu,CU,CUP,2,Cuban Peso,192,CUBA,Yes,CUBA,CUBA
SD,268,Swaziland,SWZ,WZ,235,SWZ,SZ,SWZ,748,SWZ,sq,SV,SZL,2,Lilangeni,748,SWAZILAND,Yes,SWAZILAND,SWAZILAND
SYR,963,Syria,SYR,SY,238,SYR,SY,SYR,760,SYR,sy,SY,SYP,2,Syrian Pound,760,SYRIAN ARAB REPUBLIC,Yes,SYRIAN ARAB REPUBLIC,"SYRIENNE, RÉPUBLIQUE ARABE"
,,Sint Maarten,,NN,,,SX,SXM,534,,sn,,ANG,2,Netherlands Antillean Guilder,532,SINT MAARTEN (DUTCH PART),Part of NL,SINT MAARTEN (DUTCH PART),SAINT-MARTIN (PARTIE NÉERLANDAISE)
KS,996,Kyrgyzstan,KGZ,KG,138,KGZ,KG,KGZ,417,KGZ,kg,KG,KGS,2,Som,417,KYRGYZSTAN,Yes,KYRGYZSTAN,KIRGHIZISTAN
EAK,254,Kenya,KEN,KE,133,KEN,KE,KEN,404,KEN,ke,KN,KES,2,Kenyan Shilling,404,KENYA,Yes,KENYA,KENYA
,211,South Sudan,,OD,,,SS,SSD,728,SSD,sd,,SSP,2,South Sudanese Pound,728,SOUTH SUDAN,Yes,SOUTH SUDAN,SOUDAN DU SUD
SME,597,Suriname,SUR,NS,233,SUR,SR,SUR,740,SUR,sr,SM,SRD,2,Surinam Dollar,968,SURINAME,Yes,SURINAME,SURINAME
 ,686,Kiribati,KIR,KR,135,KIR,KI,KIR,296,KIR,gb,KB,AUD,2,Australian Dollar,036,KIRIBATI,Yes,KIRIBATI,KIRIBATI
K,855,Cambodia,CAM,CB,44,CAM,KH,KHM,116,CBG,cb,KP,KHR,2,Riel,116,CAMBODIA,Yes,CAMBODIA,CAMBODGE
ES,503,El Salvador,SLV,ES,75,ESA,SV,SLV,222,SLV,es,ES,USD,2,US Dollar,840,EL SALVADOR,Yes,EL SALVADOR,EL SALVADOR
 ,269,Comoros,COM,CN,58,COM,KM,COM,174,COM,cq,IC,KMF,0,Comoro Franc,174,COMOROS,Yes,COMOROS,COMORES
 ,239,Sao Tome and Principe,STP,TP,214,STP,ST,STP,678,STP,sf,TP,STD,2,Dobra,678,SAO TOME AND PRINCIPE,Yes,SAO TOME AND PRINCIPE,SAO TOMÉ-ET-PRINCIPE
SK,421,Slovakia,SVK,LO,223,SVK,SK,SVK,703,SVK,xo,SQ,EUR,2,Euro,978,SLOVAKIA,Yes,SLOVAKIA,SLOVAQUIE
ROK,82,"Korea, South",KOR,KS,202,KOR,KR,KOR,410,KOR,ko,KO,KRW,0,Won,410,"KOREA, REPUBLIC OF",Yes,"KOREA, REPUBLIC OF","CORÉE, RÉPUBLIQUE DE"
SLO,386,Slovenia,SVN,SI,224,SLO,SI,SVN,705,SVN,xv,LJ,EUR,2,Euro,978,SLOVENIA,Yes,SLOVENIA,SLOVÉNIE
 ,850,"Korea, North",PRK,KN,67,PRK,KP,PRK,408,KRE,kn,KR,KPW,2,North Korean Won,408,"KOREA, DEMOCRATIC PEOPLE’S REPUBLIC OF",Yes,"KOREA, DEMOCRATIC PEOPLE'S REPUBLIC OF","CORÉE, RÉPUBLIQUE POPULAIRE DÉMOCRATIQUE DE"
SO,252,Somalia,SOM,SO,226,SOM,SO,SOM,706,SOM,so,SI,SOS,2,Somali Shilling,706,SOMALIA,Yes,SOMALIA,SOMALIE
SN,221,Senegal,SEN,SG,217,SEN,SN,SEN,686,SEN,sg,SG,XOF,0,CFA Franc BCEAO,952,SENEGAL,Yes,SENEGAL,SÉNÉGAL
RSM,378,San Marino,SMR,SM,213,SMR,SM,SMR,674,SMR,sm, ,EUR,2,Euro,978,SAN MARINO,Yes,SAN MARINO,SAINT-MARIN
WAL,232,Sierra Leone,SLE,SL,221,SLE,SL,SLE,694,SRL,sl,SL,SLL,2,Leone,694,SIERRA LEONE,Yes,SIERRA LEONE,SIERRA LEONE
SY,248,Seychelles,SEY,SE,220,SEY,SC,SYC,690,SEY,se,SC,SCR,2,Seychelles Rupee,690,SEYCHELLES,Yes,SEYCHELLES,SEYCHELLES
KZ,7,Kazakhstan,KAZ,KZ,132,KAZ,KZ,KAZ,398,KAZ,kz,KZ,KZT,2,Tenge,398,KAZAKHSTAN,Yes,KAZAKHSTAN,KAZAKHSTAN
 ,1-345,Cayman Islands,CAY,CJ,48,CAY,KY,CYM,136,CYM,cj,GC,KYD,2,Cayman Islands Dollar,136,CAYMAN ISLANDS,Territory of GB,CAYMAN ISLANDS,"CAÏMANS, ÎLES"
SGP,65,Singapore,SIN,SN,222,SIN,SG,SGP,702,SNG,si,SR,SGD,2,Singapore Dollar,702,SINGAPORE,Yes,SINGAPORE,SINGAPOUR
S,46,Sweden,SWE,SW,236,SWE,SE,SWE,752,S,sw,SN,SEK,2,Swedish Krona,752,SWEDEN,Yes,SWEDEN,SUÈDE
SUD,249,Sudan,SUD,SU,40764,SUD,SD,SDN,729,SDN,sj,SU,SDG,2,Sudanese Pound,938,SUDAN,Yes,SUDAN,SOUDAN
DOM,1-8091-8291-849,Dominican Republic,DOM,DR,72,DOM,DO,DOM,214,DOM,dr,DR,DOP,2,Dominican Peso,214,DOMINICAN REPUBLIC,Yes,DOMINICAN REPUBLIC,"DOMINICAINE, RÉPUBLIQUE"
 ,253,Djibouti,DJI,DJ,70,DJI,DJ,DJI,262,DJI,ft,DJ,DJF,0,Djibouti Franc,262,DJIBOUTI,Yes,DJIBOUTI,DJIBOUTI
DK,45,Denmark,DEN,DA,69,DEN,DK,DNK,208,DNK,dk,DN,DKK,2,Danish Krone,208,DENMARK,Yes,DENMARK,DANEMARK
BVI,1-284,"Virgin Islands, British",VGB,VI,39,IVB,VG,VGB,092,VRG,vb,VI,USD,2,US Dollar,840,VIRGIN ISLANDS (BRITISH),Territory of GB,"VIRGIN ISLANDS, BRITISH",ÎLES VIERGES BRITANNIQUES
D,49,Germany,GER,GM,93,GER,DE,DEU,276,D,gw,DL,EUR,2,Euro,978,GERMANY,Yes,GERMANY,ALLEMAGNE
YAR,967,Yemen,YEM,YM,269,YEM,YE,YEM,887,YEM,ye,YE,YER,2,Yemeni Rial,886,YEMEN,Yes,YEMEN,YÉMEN
DZ,213,Algeria,ALG,AG,4,ALG,DZ,DZA,012,ALG,ae,AL,DZD,2,Algerian Dinar,012,ALGERIA,Yes,ALGERIA,ALGÉRIE
MK,389,Macedonia,MKD,MK,241,MKD,MK,MKD,807,MKD,xn,MJ,MKD,2,Denar,807,"MACEDONIA, THE FORMER YUGOSLAV REPUBLIC OF",Yes,"MACEDONIA, THE FORMER YUGOSLAV REPUBLIC OF","MACÉDOINE, L'EX-RÉPUBLIQUE YOUGOSLAVE DE"
ROU,598,Uruguay,URU,UY,260,URU,UY,URY,858,URG,uy,UY,UYU,2,Peso Uruguayo,858,URUGUAY,Yes,URUGUAY,URUGUAY
 ,262,Mayotte,MYT,MF,161,MAY,YT,MYT,175,MYT,ot, ,EUR,2,Euro,978,MAYOTTE,Part of FR,MAYOTTE,MAYOTTE
USA, ,United States MinorOutlying Islands,,a,, ,UM,UMI,581, ,b, ,USD,2,US Dollar,840,UNITED STATES MINOR OUTLYING ISLANDS,Territories of US,UNITED STATES MINOR OUTLYING ISLANDS,ÎLES MINEURES ÉLOIGNÉES DES ÉTATS-UNIS
RL,961,Lebanon,LIB,LE,141,LIB,LB,LBN,422,LBN,le,LB,LBP,2,Lebanese Pound,422,LEBANON,Yes,LEBANON,LIBAN
WL,1-758,Saint Lucia,LCA,ST,209,LCA,LC,LCA,662,LCA,xk,LC,XCD,2,East Caribbean Dollar,951,SAINT LUCIA,Yes,SAINT LUCIA,SAINTE-LUCIE
LAO,856,Laos,LAO,LA,139,LAO,LA,LAO,418,LAO,ls,LA,LAK,2,Kip,418,LAO PEOPLE’S DEMOCRATIC REPUBLIC,Yes,LAO PEOPLE'S DEMOCRATIC REPUBLIC,"LAO, RÉPUBLIQUE DÉMOCRATIQUE POPULAIRE"
 ,688,Tuvalu,TUV,TV,252,TUV,TV,TUV,798,TUV,tv,TV,AUD,2,Australian Dollar,036,TUVALU,Yes,TUVALU,TUVALU
RC,886,Taiwan,TPE,TW,925,TPE,TW,TWN,158, ,ch, ,TWD,2,New Taiwan Dollar,901,"TAIWAN, PROVINCE OF CHINA",Yes,"TAIWAN, PROVINCE OF CHINA","TAÏWAN, PROVINCE DE CHINE"
TT,1-868,Trinidad and Tobago,TRI,TD,246,TRI,TT,TTO,780,TRD,tr,TD,TTD,2,Trinidad and Tobago Dollar,780,TRINIDAD AND TOBAGO,Yes,TRINIDAD AND TOBAGO,TRINITÉ-ET-TOBAGO
TR,90,Turkey,TUR,TU,249,TUR,TR,TUR,792,TUR,tu,TU,TRY,2,Turkish Lira,949,TURKEY,Yes,TURKEY,TURQUIE
CL,94,Sri Lanka,SRI,CE,231,SRI,LK,LKA,144,CLN,ce,SB,LKR,2,Sri Lanka Rupee,144,SRI LANKA,Yes,SRI LANKA,SRI LANKA
FL,423,Liechtenstein,LIE,LS,146,LIE,LI,LIE,438,LIE,lh, ,CHF,2,Swiss Franc,756,LIECHTENSTEIN,Yes,LIECHTENSTEIN,LIECHTENSTEIN
TN,216,Tunisia,TUN,TS,248,TUN,TN,TUN,788,TUN,ti,TS,TND,3,Tunisian Dinar,788,TUNISIA,Yes,TUNISIA,TUNISIE
 ,676,Tonga,TGA,TN,245,TGA,TO,TON,776,TON,to,TO,TOP,2,Pa’anga,776,TONGA,Yes,TONGA,TONGA
LT,370,Lithuania,LTU,LH,147,LTU,LT,LTU,440,LTU,li,LT,LTL,2,Lithuanian Litas,440,LITHUANIA,Yes,LITHUANIA,LITUANIE
TM,993,Turkmenistan,TKM,TX,250,TKM,TM,TKM,795,TKM,tk,TR,TMT,2,Turkmenistan New Manat,934,TURKMENISTAN,Yes,TURKMENISTAN,TURKMÉNISTAN
TJ,992,Tajikistan,TJK,TI,239,TJK,TJ,TJK,762,TJK,ta,TA,TJS,2,Somoni,972,TAJIKISTAN,Yes,TAJIKISTAN,TADJIKISTAN
LS,266,Lesotho,LES,LT,142,LES,LS,LSO,426,LSO,lo,LS,ZAR,2,Rand,710,LESOTHO,Yes,LESOTHO,LESOTHO
T,66,Thailand,THA,TH,240,THA,TH,THA,764,THA,th,TH,THB,2,Baht,764,THAILAND,Yes,THAILAND,THAÏLANDE
F,262,French Southern Lands,,FS,88, ,TF,ATF,260, ,fs, ,EUR,2,Euro,978,FRENCH SOUTHERN TERRITORIES,Territory of FR,FRENCH SOUTHERN TERRITORIES,TERRES AUSTRALES FRANÇAISES
TG,228,Togo,TOG,TO,243,TOG,TG,TGO,768,TGO,tg,TG,XOF,0,CFA Franc BCEAO,952,TOGO,Yes,TOGO,TOGO
TCH,235,Chad,CHA,CD,50,CHA,TD,TCD,148,TCD,cd,CD,XAF,0,CFA Franc BEAC,950,CHAD,Yes,CHAD,TCHAD
 ,1-649,Turks and Caicos Islands,TCA,TK,251,TKS,TC,TCA,796,TCA,tc,TI,USD,2,US Dollar,840,TURKS AND CAICOS ISLANDS,Territory of GB,TURKS AND CAICOS ISLANDS,"TURKS-ET-CAÏCOS, ÎLES"
LAR,218,Libya,LBY,LY,145,LBA,LY,LBY,434,LBY,ly,LY,LYD,3,Libyan Dinar,434,LIBYA,Yes,LIBYA,LIBYE
V,39-06,Vatican City,VAT,VT,110, ,VA,VAT,336,CVA,vc, ,EUR,2,Euro,978,Vatican City State (HOLY SEE),Yes,HOLY SEE (VATICAN CITY STATE),SAINT-SIÈGE (ÉTAT DE LA CITÉ DU VATICAN)
WV,1-784,Saint Vincent and theGrenadines,VIN,VC,211,VIN,VC,VCT,670,VCT,xm,VG,XCD,2,East Caribbean Dollar,951,SAINT VINCENT AND THE GRENADINES,Yes,SAINT VINCENT AND THE GRENADINES,SAINT-VINCENT-ET-LES GRENADINES
 ,971,United Arab Emirates,UAE,AE,255,UAE,AE,ARE,784,UAE,ts,ER,AED,2,UAE Dirham,784,UNITED ARAB EMIRATES,Yes,UNITED ARAB EMIRATES,ÉMIRATS ARABES UNIS
AND,376,Andorra,AND,AN,7,AND,AD,AND,020,AND,an, ,EUR,2,Euro,978,ANDORRA,Yes,ANDORRA,ANDORRE
 ,1-268,Antigua and Barbuda,ATG,AC,11,ANT,AG,ATG,028,ATG,aq,AT,XCD,2,East Caribbean Dollar,951,ANTIGUA AND BARBUDA,Yes,ANTIGUA AND BARBUDA,ANTIGUA-ET-BARBUDA
AFG,93,Afghanistan,AFG,AF,1,AFG,AF,AFG,004,AFG,af,AF,AFN,2,Afghani,971,AFGHANISTAN,Yes,AFGHANISTAN,AFGHANISTAN
 ,1-264,Anguilla,AIA,AV,9,AIA,AI,AIA,660,AIA,am, ,XCD,2,East Caribbean Dollar,951,ANGUILLA,Territory of GB,ANGUILLA,ANGUILLA
USA,1-340,"Virgin Islands, U.S.",VIR,VQ,258,ISV,VI,VIR,850,VIR,vi,VI,USD,2,US Dollar,840,VIRGIN ISLANDS (US),Territory of US,"VIRGIN ISLANDS, U.S.",ÎLES VIERGES DES ÉTATS-UNIS
IS,354,Iceland,ISL,IC,114,ISL,IS,ISL,352,ISL,ic,IL,ISK,0,Iceland Krona,352,ICELAND,Yes,ICELAND,ISLANDE
IR,98,Iran,IRN,IR,117,IRI,IR,IRN,364,IRN,ir,IR,IRR,2,Iranian Rial,364,"IRAN, ISLAMIC REPUBLIC OF",Yes,"IRAN, ISLAMIC REPUBLIC OF","IRAN, RÉPUBLIQUE ISLAMIQUE D'"
AM,374,Armenia,ARM,AM,13,ARM,AM,ARM,051,ARM,ai,AY,AMD,2,Armenian Dram,051,ARMENIA,Yes,ARMENIA,ARMÉNIE
AL,355,Albania,ALB,AL,3,ALB,AL,ALB,008,ALB,aa,AB,ALL,2,Lek,008,ALBANIA,Yes,ALBANIA,ALBANIE
 ,244,Angola,ANG,AO,8,ANG,AO,AGO,024,AGL,ao,AN,AOA,2,Kwanza,973,ANGOLA,Yes,ANGOLA,ANGOLA
 ,672,Antarctica,ROS3,AY,10, ,AQ,ATA,010, ,ay,AA,,,No universal currency,,ANTARCTICA,International,ANTARCTICA,ANTARCTIQUE
USA,1-684,American Samoa,ASA,AQ,5,ASA,AS,ASM,016,SMA,as, ,USD,2,US Dollar,840,AMERICAN SAMOA,Territory of US,AMERICAN SAMOA,SAMOA AMÉRICAINES
RA,54,Argentina,ARG,AR,12,ARG,AR,ARG,032,ARG,ag,AG,ARS,2,Argentine Peso,032,ARGENTINA,Yes,ARGENTINA,ARGENTINE
AUS,61,Australia,AUS,AS,17,AUS,AU,AUS,036,AUS,at,AU,AUD,2,Australian Dollar,036,AUSTRALIA,Yes,AUSTRALIA,AUSTRALIE
IL,972,Israel,ISR,IS,121,ISR,IL,ISR,376,ISR,is,IS,ILS,2,New Israeli Sheqel,376,ISRAEL,Yes,ISRAEL,ISRAËL
 ,246,British Indian OceanTerritory,,IO,38, ,IO,IOT,086,BIO,bi, ,USD,2,US Dollar,840,BRITISH INDIAN OCEAN TERRITORY,Territory of GB,BRITISH INDIAN OCEAN TERRITORY,"OCÉAN INDIEN, TERRITOIRE BRITANNIQUE DE L'"
IND,91,India,IND,IN,115,IND,IN,IND,356,IND,ii,IN,INR,2,Indian Rupee,356,INDIA,Yes,INDIA,INDE
FIN,358,Åland,ALD, ,1242, ,AX,ALA,248, , , ,EUR,2,Euro,978,ÅLAND ISLANDS,Part of FI,ÅLAND ISLANDS,"ÅLAND, ÎLES"
AZ,994,Azerbaijan,AZE,AJ,19,AZE,AZ,AZE,031,AZE,aj,AJ,AZN,2,Azerbaijanian Manat,944,AZERBAIJAN,Yes,AZERBAIJAN,AZERBAÏDJAN
IRL,353,Ireland,IRL,EI,119,IRL,IE,IRL,372,IRL,ie,IE,EUR,2,Euro,978,IRELAND,Yes,IRELAND,IRLANDE
RI,62,Indonesia,IDN,ID,116,INA,ID,IDN,360,INS,io,ID,IDR,2,Rupiah,360,INDONESIA,Yes,INDONESIA,INDONÉSIE
MAL,60,Malaysia,MAS,MY,153,MAS,MY,MYS,458,MLA,my,MS,MYR,2,Malaysian Ringgit,458,MALAYSIA,Yes,MALAYSIA,MALAISIE
Q,974,Qatar,QAT,QA,201,QAT,QA,QAT,634,QAT,qa,QT,QAR,2,Qatari Rial,634,QATAR,Yes,QATAR,QATAR
MOC,258,Mozambique,MOZ,MZ,170,MOZ,MZ,MOZ,508,MOZ,mz,MZ,MZN,2,Mozambique Metical,943,MOZAMBIQUE,Yes,MOZAMBIQUE,MOZAMBIQUE
